,City,Lat,Lng,Max Temp,Humidity,Cloudiness,Wind Speed,Country,Date
0,Lompoc,34.64,-120.46,13.0,93,90,0.87,US,1600790256
1,Tiksi,71.69,128.87,6.44,72,0,8.48,RU,1600790444
2,Torbay,47.67,-52.73,13.33,58,90,6.2,CA,1600790444
3,Mar del Plata,-38.0,-57.56,15.0,47,72,5.7,AR,1600790414
4,Mahébourg,-20.41,57.7,22.0,73,20,2.1,MU,1600790444
5,Tahoua,14.89,5.27,35.37,28,27,2.65,NE,1600790445
6,Souillac,-20.52,57.52,22.0,73,20,2.1,MU,1600790445
7,Nuevo Progreso,23.17,-97.95,27.78,57,32,0.45,MX,1600790446
8,Karasjok,69.47,25.51,8.0,65,75,15.9,NO,1600790446
9,Sept-Îles,50.2,-66.38,10.0,71,75,6.7,CA,1600790399
10,Hermanus,-34.42,19.23,18.33,63,0,1.34,ZA,1600790446
11,East London,-33.02,27.91,19.0,68,0,5.7,ZA,1600790447
12,Basco,20.45,121.97,28.05,77,11,8.94,PH,1600790447
13,Rikitea,-23.12,-134.97,22.21,77,49,9.25,PF,1600790447
14,Tuktoyaktuk,69.45,-133.04,1.0,100,75,1.0,CA,1600790448
15,Ushuaia,-54.8,-68.3,6.0,81,40,13.9,AR,1600790448
16,Hobart,-42.88,147.33,10.0,66,75,5.7,AU,1600790278
17,Kimbe,-5.55,150.14,23.79,88,99,1.79,PG,1600790448
18,Bluff,-46.6,168.33,12.22,93,88,3.58,NZ,1600790448
19,Punta Arenas,-53.15,-70.92,7.0,70,75,7.7,CL,1600790449
20,Ribeira Grande,38.52,-28.7,23.0,56,20,1.5,PT,1600790449
21,Bemidji,47.47,-94.88,19.0,52,1,1.69,US,1600790215
22,Kaeo,-35.1,173.78,11.67,92,12,2.92,NZ,1600790450
23,Lorengau,-2.02,147.27,27.37,80,26,3.61,PG,1600790450
24,Barrow,71.29,-156.79,2.0,94,90,6.7,US,1600790450
25,Denpasar,-8.65,115.22,26.0,100,40,1.0,ID,1600790451
26,Albany,42.6,-73.97,14.44,54,0,3.21,US,1600790260
27,Busselton,-33.65,115.33,9.44,71,29,3.06,AU,1600790451
28,Dikson,73.51,80.55,6.17,85,63,9.16,RU,1600790451
29,Jamestown,42.1,-79.24,17.22,62,1,2.31,US,1600790596
30,Alihe,50.57,123.72,8.26,94,100,1.81,CN,1600790596
31,Saint-Philippe,-21.36,55.77,23.0,64,90,2.6,RE,1600790596
32,New Norfolk,-42.78,147.06,10.0,69,69,4.02,AU,1600790596
33,Kavaratti,10.57,72.64,27.88,80,76,9.89,IN,1600790596
34,Kalabo,-14.97,22.68,33.7,11,20,2.74,ZM,1600790597
35,Katangli,51.71,143.23,4.74,86,0,1.81,RU,1600790597
36,San Patricio,19.22,-104.7,31.0,79,75,3.1,MX,1600790597
37,George Town,5.41,100.34,26.0,94,40,3.1,MY,1600790597
38,Lata,40.16,-8.33,26.67,61,58,2.24,PT,1600790597
39,Mataura,-46.19,168.86,12.22,93,78,3.58,NZ,1600790598
40,Dom Pedrito,-30.98,-54.67,18.16,52,0,2.89,BR,1600790598
41,Saint Anthony,45.02,-93.22,21.67,72,1,2.1,US,1600790598
42,Dongsheng,39.82,109.98,11.95,75,100,3.98,CN,1600790598
43,Chokurdakh,70.63,147.92,4.51,92,84,3.35,RU,1600790599
44,Thompson,55.74,-97.86,10.0,93,90,4.6,CA,1600790599
45,Bethel,41.37,-73.41,17.22,41,1,4.1,US,1600790599
46,Palauig,15.44,119.9,27.68,75,87,1.12,PH,1600790600
47,Yangi Marg`ilon,40.43,71.72,19.0,39,78,2.1,UZ,1600790600
48,Port Alfred,-33.59,26.89,17.72,68,14,5.62,ZA,1600790600
49,Pangnirtung,66.15,-65.71,2.0,59,20,2.1,CA,1600790600
50,Kruisfontein,-34.0,24.73,20.0,29,27,1.34,ZA,1600790600
51,Belyy Yar,53.6,91.39,14.0,67,40,2.0,RU,1600790601
52,Vila,42.03,-8.16,19.44,77,41,2.68,PT,1600790601
53,Nabire,-3.37,135.48,24.9,87,100,2.38,ID,1600790601
54,Saint George,37.1,-113.58,25.0,29,1,4.1,US,1600790324
55,Dothan,31.22,-85.39,21.11,68,1,5.1,US,1600790455
56,Baghdad,33.34,44.4,38.0,24,0,2.1,IQ,1600790601
57,Vaini,-21.2,-175.2,22.0,83,75,2.6,TO,1600790602
58,Nassau,40.75,-73.58,19.44,36,1,5.7,US,1600790602
59,Tilichiki,60.47,166.1,-0.12,96,2,2.51,RU,1600790602
60,Cape Town,-33.93,18.42,18.33,71,0,1.34,ZA,1600790520
61,Usinsk,65.99,57.53,4.14,95,100,6.83,RU,1600790602
62,Atuona,-9.8,-139.03,25.68,73,45,9.4,PF,1600790603
63,Waipawa,-41.41,175.52,14.0,82,95,11.8,NZ,1600790603
64,Kyrksæterøra,63.29,9.09,9.0,87,90,3.6,NO,1600790603
65,Pemangkat,1.17,108.97,25.77,78,100,1.88,ID,1600790603
66,Puerto Ayora,-0.74,-90.35,20.56,80,90,4.47,EC,1600790603
67,Avarua,-21.21,-159.78,22.0,100,90,1.0,CK,1600790413
68,Enid,36.4,-97.88,19.0,100,90,1.5,US,1600790450
69,Bijie,27.31,105.29,13.56,86,100,1.19,CN,1600790604
70,Saint-Leu,-21.15,55.28,23.0,64,90,2.6,RE,1600790604
71,Kayseri Province,38.74,35.5,23.0,43,20,3.1,TR,1600790604
72,Cascais,38.7,-9.42,23.0,88,75,5.1,PT,1600790604
73,Cherskiy,68.75,161.3,2.49,78,100,4.3,RU,1600790604
74,Butaritari,3.07,172.79,27.91,78,15,7.3,KI,1600790605
75,Longyearbyen,78.22,15.64,1.0,69,0,4.1,SJ,1600790447
76,Ahipara,-35.17,173.17,12.51,91,26,3.57,NZ,1600790605
77,Hualmay,-11.1,-77.61,19.59,66,92,4.39,PE,1600790556
78,Sørland,67.67,12.69,7.0,70,40,4.1,NO,1600790605
79,Severo-Kuril'sk,50.68,156.12,8.56,84,16,4.09,RU,1600790606
80,Sal Rei,16.18,-22.92,30.0,66,20,4.1,CV,1600790606
81,Nantucket,41.28,-70.1,18.0,45,1,9.3,US,1600790606
82,Colombo,6.93,79.85,25.0,94,40,1.5,LK,1600790606
83,Pisco,-13.7,-76.22,18.89,82,75,2.6,PE,1600790606
84,Andenes,69.31,16.12,7.0,75,75,9.8,NO,1600790606
85,Yulara,-25.24,130.99,18.0,20,0,3.6,AU,1600790607
86,Fortuna,40.6,-124.16,16.11,100,90,1.22,US,1600790607
87,Faanui,-16.48,-151.75,25.64,78,89,8.47,PF,1600790607
88,Ust-Nera,64.57,143.2,3.13,76,43,2.64,RU,1600790607
89,Digha,21.68,87.55,28.95,83,50,6.3,IN,1600790608
90,Ozernovskiy,51.5,156.52,7.84,83,63,2.59,RU,1600790608
91,Hilo,19.73,-155.09,23.0,73,75,2.6,US,1600790489
92,Maniitsoq,65.42,-52.9,0.43,91,87,0.21,GL,1600790608
93,Coquimbo,-29.95,-71.34,14.0,82,20,5.7,CL,1600790608
94,Liure,13.54,-87.09,25.0,69,40,6.2,HN,1600790608
95,Yudong,29.39,106.52,19.0,88,90,2.0,CN,1600790609
96,Hithadhoo,-0.6,73.08,27.91,71,12,3.95,MV,1600790609
97,Aktau,43.65,51.2,17.0,55,22,4.0,KZ,1600790609
98,Bom Jesus,-9.07,-44.36,38.37,23,33,3.56,BR,1600790445
99,Isangel,-19.55,169.27,21.13,80,2,5.23,VU,1600790610
100,Mt. Pleasant,32.79,-79.86,20.0,63,1,3.1,US,1600790610
101,Timrå,62.49,17.33,11.67,71,100,4.6,SE,1600790610
102,Rognan,67.1,15.39,7.78,87,89,3.13,NO,1600790610
103,Pevek,69.7,170.31,3.57,81,100,5.77,RU,1600790611
104,Aswān,24.09,32.91,39.7,14,14,6.05,EG,1600790611
105,Geraldton,-28.77,114.6,13.0,87,0,4.6,AU,1600790611
106,Padang,-0.95,100.35,26.67,77,22,1.62,ID,1600790393
107,Vila Velha,-20.33,-40.29,29.0,66,40,5.7,BR,1600790511
108,Hobyo,5.35,48.53,25.87,74,99,11.84,SO,1600790611
109,Province of Mantua,45.17,10.78,20.56,93,75,2.6,IT,1600790612
110,Turukhansk,65.82,87.98,11.33,86,100,5.85,RU,1600790612
111,Chui,-33.7,-53.46,14.44,54,16,2.52,UY,1600790612
112,Rocha,-34.48,-54.33,15.74,51,14,3.59,UY,1600790612
113,Okhotsk,59.38,143.3,6.52,83,0,0.56,RU,1600790612
114,Banjar,-8.19,114.97,26.0,100,40,1.0,ID,1600790613
115,Nikolskoye,59.7,30.79,14.0,76,90,6.0,RU,1600790613
116,Praia da Vitória,38.73,-27.07,23.33,83,75,6.34,PT,1600790613
117,Caravelas,-17.71,-39.25,28.42,62,70,5.06,BR,1600790613
118,High Level,58.52,-117.14,3.0,100,90,1.5,CA,1600790614
119,Yanji,42.91,129.51,10.04,92,71,0.72,CN,1600790614
120,Emba,48.83,58.14,14.01,53,98,4.49,KZ,1600790614
121,Najrān,17.49,44.13,33.0,14,8,4.1,SA,1600790614
122,Grand-Santi,4.25,-54.38,35.54,39,23,1.81,GF,1600790614
123,Kaitangata,-46.28,169.85,15.0,54,82,1.34,NZ,1600790615
124,Egvekinot,66.32,-179.17,0.76,88,63,0.5,RU,1600790615
125,Vanimo,-2.67,141.3,25.63,84,93,2.22,PG,1600790615
126,Itarema,-2.92,-39.92,30.32,54,25,8.76,BR,1600790616
127,Gao,16.64,1.64,34.64,31,48,1.16,ML,1600790605
128,Springfield,37.22,-93.3,21.11,77,75,3.1,US,1600790520
129,Chapais,49.78,-74.85,15.0,54,75,6.7,CA,1600790616
130,Kita,13.03,-9.49,32.54,52,0,1.45,ML,1600790616
131,Chitipa,-9.7,33.27,22.97,43,3,4.3,MW,1600790616
132,Okotoks,50.73,-113.98,11.67,76,100,0.45,CA,1600790384
133,Robertsport,6.75,-11.37,27.13,74,49,4.32,LR,1600790617
134,Meadville,41.64,-80.15,17.78,62,1,1.5,US,1600790617
135,Ukiah,39.15,-123.21,15.0,81,1,1.0,US,1600790617
136,Cockburn Town,21.46,-71.14,28.64,77,100,5.53,TC,1600790617
137,Sesheke,-17.48,24.3,36.0,13,20,4.6,ZM,1600790617
138,Clocolan,-28.91,27.57,16.15,32,0,1.82,ZA,1600790618
139,Vao,-22.67,167.48,20.98,84,8,6.08,NC,1600790618
140,Mahon,39.89,4.27,25.0,69,20,2.6,ES,1600790618
141,Birin,26.89,88.07,26.0,88,75,3.1,NP,1600790618
142,Porto-Novo,6.5,2.6,29.0,74,40,7.2,BJ,1600790618
143,Camacha,33.08,-16.33,24.0,78,40,4.6,PT,1600790619
144,Nanortalik,60.14,-45.24,3.28,73,0,6.33,GL,1600790619
145,Guerrero Negro,27.98,-114.06,25.76,56,0,2.01,MX,1600790619
146,Ancud,-41.87,-73.82,15.0,66,48,0.89,CL,1600790619
147,Zheleznodorozhnyy,55.75,38.0,18.0,55,14,3.0,RU,1600790619
148,Blackpool,53.82,-3.05,16.11,87,75,5.1,GB,1600790502
149,Hasaki,35.73,140.83,20.0,100,75,3.6,JP,1600790620
150,Shimoda,34.67,138.95,17.22,95,100,0.89,JP,1600790620
151,Yellowknife,62.46,-114.35,7.0,100,90,5.7,CA,1600790330
152,Tiszakeszi,47.78,21.0,26.0,34,0,1.0,HU,1600790356
153,Kahului,20.89,-156.47,26.0,61,40,1.5,US,1600790620
154,Iqaluit,63.75,-68.51,1.0,69,75,4.1,CA,1600790414
155,Qaanaaq,77.48,-69.36,-9.72,82,0,3.7,GL,1600790620
156,Lagoa,39.05,-27.98,19.69,74,5,6.06,PT,1600790620
157,Grindavik,63.84,-22.43,6.0,70,75,4.6,IS,1600790621
158,Grand Gaube,-20.01,57.66,21.67,69,11,1.34,MU,1600790621
159,Makungu,-8.73,35.28,20.07,61,0,2.74,TZ,1600790621
160,Posyet,42.65,130.8,14.83,84,90,1.71,RU,1600790622
161,Olafsvik,64.89,-23.71,5.49,71,97,5.13,IS,1600790622
162,Bambous Virieux,-20.34,57.76,22.0,73,20,2.1,MU,1600790622
163,Marystown,47.17,-55.15,13.33,100,100,4.47,CA,1600790622
164,Quimper,48.0,-4.1,19.0,82,40,5.1,FR,1600790622
165,Hong Kong,22.29,114.16,28.89,80,100,1.34,HK,1600790582
166,Nishihara,26.18,127.76,27.0,83,20,4.1,JP,1600790622
167,Ponta do Sol,32.67,-17.1,26.67,42,100,1.34,PT,1600790623
168,Turaif,31.67,38.66,36.0,19,0,6.2,SA,1600790623
169,Frontera,26.93,-101.45,25.56,50,2,1.34,MX,1600790623
170,Mehamn,71.04,27.85,6.7,85,93,4.34,NO,1600790623
171,Marawi,8.0,124.29,24.44,89,100,2.24,PH,1600790623
172,Tasiilaq,65.61,-37.64,-2.0,86,90,8.7,GL,1600790624
173,Novosineglazovskiy,55.04,61.38,7.0,81,40,5.0,RU,1600790624
174,Lebu,-37.62,-73.65,12.18,72,40,7.2,CL,1600790624
175,Port-Gentil,-0.72,8.78,28.0,74,40,6.41,GA,1600790624
176,Berlevåg,70.86,29.09,7.0,87,75,3.6,NO,1600790624
177,Coxim,-18.51,-54.76,32.98,37,38,2.74,BR,1600790624
178,Antequera,37.02,-4.56,26.11,78,100,5.7,ES,1600790625
179,Kemin,42.78,75.69,11.72,45,4,0.53,KG,1600790625
180,Chuguyevka,44.17,133.86,11.01,88,86,1.36,RU,1600790625
181,Jieshi,22.81,115.83,26.02,85,100,4.65,CN,1600790625
182,Port Keats,-14.25,129.55,26.89,86,0,2.39,AU,1600790626
183,Qeshm,26.96,56.27,34.0,41,0,4.1,IR,1600790626
184,Dingle,11.0,122.67,24.87,87,98,0.89,PH,1600790626
185,Wilmington Island,32.0,-80.97,21.11,60,1,3.6,US,1600790612
186,Alofi,-19.06,-169.92,22.0,100,100,1.0,NU,1600790626
187,Sechura,-5.56,-80.82,22.07,61,84,3.28,PE,1600790626
188,Acaraú,-2.89,-40.12,31.0,51,21,8.93,BR,1600790627
189,Quba,41.36,48.52,16.29,84,82,1.44,AZ,1600790627
190,Chivay,-15.64,-71.6,13.7,29,37,0.53,PE,1600790627
191,Kavieng,-2.57,150.8,27.73,75,71,3.59,PG,1600790627
192,Port Elizabeth,-33.92,25.57,18.0,59,32,3.6,ZA,1600790591
193,Lowestoft,52.48,1.75,23.33,81,0,6.26,GB,1600790524
194,Saurimo,-9.66,20.39,29.13,38,79,1.71,AO,1600790627
195,Marakkanam,12.2,79.95,29.03,74,45,5.63,IN,1600790628
196,Kokopo,-4.35,152.26,24.71,84,38,2.15,PG,1600790628
197,Arraial do Cabo,-22.97,-42.03,21.0,94,90,5.1,BR,1600790628
198,Klaksvík,62.23,-6.59,6.0,93,100,3.6,FO,1600790628
199,Campbell River,50.02,-125.24,12.22,100,90,1.0,CA,1600790412
200,Kysyl-Syr,63.9,122.76,5.4,82,0,1.1,RU,1600790628
201,São Filipe,14.9,-24.5,27.14,79,23,2.91,CV,1600790629
202,Dori,14.04,-0.03,28.05,62,54,9.38,BF,1600790629
203,Fort Wayne,41.13,-85.13,20.0,67,75,3.1,US,1600790395
204,Kapaa,22.08,-159.32,27.0,69,90,4.6,US,1600790629
205,Colombia,20.99,-77.43,24.0,100,75,3.1,CU,1600790462
206,Bredasdorp,-34.53,20.04,18.0,59,0,3.6,ZA,1600790629
207,Lanzhou,36.06,103.79,13.89,85,99,1.51,CN,1600790629
208,Kerman,30.28,57.08,24.0,19,0,3.1,IR,1600790630
209,Samāstipur,25.85,85.78,25.95,93,100,8.08,IN,1600790630
210,Calama,-22.47,-68.93,21.0,5,0,2.1,CL,1600790404
211,Vani,42.08,42.52,23.0,78,65,3.1,GE,1600790630
212,Porto Santo,33.07,-16.34,24.0,78,40,4.6,PT,1600790630
213,Saldanha,-33.01,17.94,23.0,31,0,6.2,ZA,1600790630
214,Asău,46.43,26.4,22.22,40,4,4.1,RO,1600790630
215,Davila,18.47,120.58,27.0,88,20,0.5,PH,1600790631
216,Bengkulu,-3.8,102.27,25.86,86,78,3.74,ID,1600790631
217,San Quintín,30.48,-115.95,24.17,59,0,3.23,MX,1600790631
218,La Santisima Trinidad,-14.83,-64.9,25.0,44,75,7.2,BO,1600790631
219,Antofagasta,-23.65,-70.4,16.0,67,20,2.1,CL,1600790419
220,Tongren,27.72,109.19,16.62,89,99,1.46,CN,1600790627
221,Ucluelet,48.93,-125.55,13.89,100,75,1.5,CA,1600790353
222,Mount Isa,-20.73,139.5,25.0,41,99,5.1,AU,1600790632
223,Ulladulla,-35.35,150.47,17.0,55,0,7.2,AU,1600790632
224,Iquitos,-3.75,-73.25,25.0,88,75,2.6,PE,1600790632
225,Zenzeli,45.92,47.05,15.88,40,87,1.87,RU,1600790632
226,Fairbanks,64.84,-147.72,2.22,90,90,0.83,US,1600790592
227,Minas,-34.38,-55.24,15.0,51,22,3.1,UY,1600790632
228,Kozhanka,49.98,29.74,22.22,35,0,2.0,UA,1600790632
229,San Francisco,37.77,-122.42,16.11,82,40,3.6,US,1600790384
230,Saskylakh,71.92,114.08,7.18,65,5,6.39,RU,1600790633
231,São João da Barra,-21.64,-41.05,22.0,94,90,6.7,BR,1600790633
232,Khatanga,71.97,102.5,8.53,69,14,4.53,RU,1600790633
233,Taoudenni,22.68,-3.98,44.01,6,0,3.2,ML,1600790633
234,Constitución,-35.33,-72.42,16.9,47,81,4.47,CL,1600790633
235,Nemuro,43.32,145.57,14.52,76,89,5.74,JP,1600790566
236,Lüderitz,-26.65,15.16,25.63,19,0,8.41,NA,1600790634
237,Shubarshi,48.59,57.19,13.13,53,84,3.87,KZ,1600790634
238,Bairiki Village,1.33,172.98,27.0,78,20,5.7,KI,1600790634
239,Jiexiu,37.02,111.91,16.71,69,96,0.8,CN,1600790634
240,Ambon City,-3.7,128.18,25.56,15,90,3.84,ID,1600790634
241,Sistranda,63.73,8.83,9.0,87,90,3.6,NO,1600790635
242,Namatanai,-3.67,152.43,26.25,75,29,1.39,PG,1600790635
243,Tuatapere,-46.13,167.68,12.22,93,67,3.58,NZ,1600790635
244,Chongwe,-15.33,28.68,25.67,26,0,4.42,ZM,1600790635
245,São Miguel do Araguaia,-13.28,-50.16,35.83,35,99,1.8,BR,1600790635
246,Moville,42.49,-96.07,21.67,77,1,4.6,US,1600790635
247,Coahuayana Viejo,18.73,-103.68,25.0,83,75,1.12,MX,1600790636
248,Parfino,57.97,31.65,13.57,69,98,2.97,RU,1600790636
249,Kiama,-34.68,150.87,17.78,40,0,6.26,AU,1600790636
250,Oddur,4.12,43.89,28.32,37,43,7.6,SO,1600790636
251,Tautira,-17.73,-149.15,24.0,69,20,2.6,PF,1600790636
252,Kirakira,-10.45,161.92,25.48,82,72,3.55,SB,1600790637
253,Tura,25.52,90.22,23.45,99,100,2.37,IN,1600790637
254,Khovd,48.01,91.64,13.51,39,67,1.74,MN,1600790637
255,Sorong,-0.88,131.25,25.6,84,100,1.73,ID,1600790637
256,Provideniya,64.38,-173.3,2.81,80,79,1.89,RU,1600790637
257,Alyangula,-13.85,136.42,22.0,88,0,1.86,AU,1600790637
258,Nianzishan,47.52,122.88,9.42,98,72,1.27,CN,1600790638
259,Charters Towers,-20.1,146.27,19.81,89,1,2.32,AU,1600790638
260,Vammala,61.33,22.9,14.0,71,88,2.6,FI,1600790638
261,Half Moon Bay,37.46,-122.43,17.22,93,90,1.79,US,1600790638
262,Praia,14.92,-23.51,30.0,70,40,5.7,CV,1600790638
263,Las Lomas,8.43,-82.4,28.0,83,40,2.6,PA,1600790639
264,Clyde River,70.47,-68.59,0.0,94,40,1.0,CA,1600790639
265,Safi,32.3,-9.24,24.93,61,100,7.52,MA,1600790639
266,Flin Flon,54.77,-101.86,12.0,87,75,2.6,CA,1600790639
267,Tiznit Province,29.58,-9.5,29.6,27,56,4.14,MA,1600790639
268,Katsuura,35.13,140.3,20.56,91,100,8.58,JP,1600790640
269,Columbus,39.96,-83.0,20.0,59,20,1.19,US,1600790377
270,Luwuk,-0.95,122.79,25.58,76,90,2.2,ID,1600790640
271,Domoni,-12.26,44.53,24.75,77,9,3.98,KM,1600790640
272,Tateyama,34.98,139.87,20.0,91,100,6.82,JP,1600790640
273,San Jerónimo,-11.95,-75.28,16.51,37,38,0.65,PE,1600790641
274,San Jose,37.34,-121.89,18.89,72,20,0.73,US,1600790472
275,Zyryanka,65.75,150.85,2.11,84,92,2.88,RU,1600790641
276,Kérouané,9.27,-9.02,29.6,61,65,0.7,GN,1600790641
277,Reporoa,-38.43,176.35,8.89,98,78,1.12,NZ,1600790641
278,Progreso,21.28,-89.67,33.33,70,20,3.1,MX,1600790641
279,Chu,43.6,73.76,15.56,52,38,2.24,KZ,1600790642
280,Castro,-24.79,-50.01,18.77,59,45,5.23,BR,1600790458
281,Rancho Palos Verdes,33.74,-118.39,20.56,92,1,0.45,US,1600790642
282,Trelew,-43.25,-65.31,18.08,28,0,9.87,AR,1600790642
283,Atherton,53.52,-2.49,17.78,78,98,0.89,GB,1600790642
284,Tinskoy,56.15,96.92,8.11,85,31,2.14,RU,1600790643
285,Vardø,70.37,31.11,8.0,75,75,5.1,NO,1600790643
286,Palu,-0.89,119.87,24.76,82,100,1.04,ID,1600790643
287,Ndélé,8.41,20.65,24.76,89,100,1.27,CF,1600790643
288,Luorong,24.41,109.61,25.0,90,100,2.15,CN,1600790643
289,Norman Wells,65.28,-126.83,-1.0,100,90,2.6,CA,1600790644
290,Lodja,-3.48,23.43,29.0,55,56,0.04,CD,1600790644
291,Lisala,2.15,21.52,25.37,86,70,1.74,CD,1600790644
292,Nome,64.5,-165.41,4.44,86,90,1.5,US,1600790644
293,Sergeevka,53.88,67.42,6.22,87,95,3.54,KZ,1600790644
294,Comodoro Rivadavia,-45.87,-67.5,16.0,29,20,10.8,AR,1600790638
295,Airai,-8.93,125.41,15.57,80,14,1.1,TL,1600790644
296,Masallātah,32.62,14.0,31.53,35,0,3.36,LY,1600790645
297,Vila Franca do Campo,37.72,-25.43,22.0,73,40,7.2,PT,1600790645
298,Kaduqli,11.02,29.72,26.95,69,36,1.22,SD,1600790645
299,Saint Paul Harbor,57.79,-152.41,11.0,87,90,6.2,US,1600790645
300,Kieta,-6.22,155.63,26.07,77,90,0.54,PG,1600790420
301,Oodweyne,9.41,45.06,29.83,33,94,4.09,SO,1600790645
302,Inhambane,-23.86,35.38,23.0,60,40,5.7,MZ,1600790645
303,Virginia Beach,36.85,-75.98,20.0,49,20,6.7,US,1600790646
304,Beringovskiy,63.05,179.32,4.53,70,0,3.59,RU,1600790646
305,Araouane,18.9,-3.53,40.85,12,0,4.73,ML,1600790646
306,Jalu,29.03,21.55,30.6,24,0,3.7,LY,1600790646
307,Betūl,21.92,77.9,24.22,90,100,1.54,IN,1600790646
308,Leningradskiy,69.38,178.42,3.45,88,100,8.15,RU,1600790647
309,Thinadhoo,0.53,72.93,27.99,72,58,4.66,MV,1600790647
310,Kutum,14.2,24.67,31.18,30,89,3.44,SD,1600790647
311,Saint-François,46.42,3.91,21.67,72,18,2.1,FR,1600790647
312,Waddān,29.16,16.14,32.94,21,0,5.7,LY,1600790647
313,Buala,-8.14,159.59,26.76,79,18,2.24,SB,1600790648
314,Örebro,59.27,15.21,16.11,67,40,2.1,SE,1600790585
315,Biak,-0.91,122.88,25.45,79,77,2.81,ID,1600790648
316,Doha,25.29,51.53,34.44,67,0,3.1,QA,1600790648
317,Nelson Bay,-32.72,152.15,15.0,58,0,4.1,AU,1600790495
318,Santa Cruz de la Sierra,-17.8,-63.17,25.0,29,20,7.2,BO,1600790457
319,Kudahuvadhoo,2.67,72.89,28.16,76,100,5.29,MV,1600790648
320,Ostrovnoy,68.05,39.51,7.55,82,100,9.2,RU,1600790648
321,Charlestown,-32.95,151.67,17.78,50,0,3.92,AU,1600790649
322,Port Hardy,50.7,-127.42,10.0,100,75,1.5,CA,1600790488
323,Kenai,60.55,-151.26,9.0,81,90,7.2,US,1600790649
324,Wakkanai,45.41,141.67,13.99,78,0,7.21,JP,1600790563
325,Arlit,18.74,7.39,37.96,16,0,2.48,NE,1600790649
326,Ilulissat,69.22,-51.1,-2.0,63,20,1.5,GL,1600790649
327,Gol,60.7,8.95,11.11,64,97,0.45,NO,1600790650
328,Luocheng,29.38,104.03,18.51,83,99,0.97,CN,1600790650
329,Atar,20.52,-13.05,37.95,21,31,2.94,MR,1600790650
330,Fort Atkinson,42.93,-88.84,20.0,68,1,2.6,US,1600790650
331,Koslan,63.46,48.9,5.33,85,85,5.21,RU,1600790651
332,Barcelos,41.54,-8.62,23.33,77,40,4.1,PT,1600790651
333,Hofn,64.25,-15.21,6.02,60,0,2.61,IS,1600790652
334,Borogontsy,62.67,131.17,4.15,82,0,1.18,RU,1600790652
335,Cap Malheureux,-19.98,57.61,21.67,69,7,1.79,MU,1600790652
336,Beira,-19.84,34.84,24.0,73,75,10.8,MZ,1600790652
337,Dzerzhinsk,56.24,43.46,16.11,67,100,3.0,RU,1600790652
338,Cidreira,-30.18,-50.21,15.54,59,0,4.76,BR,1600790557
339,Marsh Harbour,26.54,-77.06,27.02,65,18,8.32,BS,1600790653
340,Morón,-34.65,-58.62,18.0,39,54,4.6,AR,1600790520
341,Sant Feliu de Guíxols,41.78,3.03,21.67,45,7,3.89,ES,1600790653
342,Paraguaçu Paulista,-22.41,-50.58,20.25,66,97,6.73,BR,1600790653
343,Buraidah,26.33,43.98,38.0,14,0,3.1,SA,1600790440
344,Kouango,4.99,19.96,26.24,88,84,0.28,CF,1600790654
345,Baruun-Urt,46.68,113.28,10.91,44,7,6.17,MN,1600790654
346,Tanout,14.97,8.89,37.02,18,16,5.54,NE,1600790654
347,San Cristobal,7.77,-72.22,32.0,43,40,2.1,VE,1600790513
348,Teluknaga,-6.1,106.64,26.11,88,20,1.5,ID,1600790654
349,Tabou,4.42,-7.35,25.66,82,89,5.57,CI,1600790655
350,Batagay-Alyta,67.8,130.41,1.44,85,29,0.4,RU,1600790655
351,San-Pédro,4.75,-6.64,25.82,79,87,4.62,CI,1600790655
352,Ketchikan,55.34,-131.65,13.0,76,90,10.3,US,1600790409
353,Salalah,17.02,54.09,27.0,88,75,5.1,OM,1600790510
354,Port Barton,10.48,119.25,26.62,84,99,0.96,PH,1600790656
355,Nampula,-15.12,39.27,27.0,51,40,6.7,MZ,1600790597
356,Mugan,35.94,101.38,8.87,51,0,1.75,CN,1600790656
357,Kilindoni,-7.91,39.67,25.74,81,20,6.05,TZ,1600790657
358,Ekibastuz,51.67,75.37,9.43,53,97,4.77,KZ,1600790657
359,Narsaq,60.92,-46.05,4.0,29,20,0.5,GL,1600790657
360,Mossamedes,-15.2,12.15,24.0,69,40,6.7,AO,1600790657
361,Dunmore Town,25.5,-76.65,27.01,69,66,8.95,BS,1600790658
362,Muisne,0.6,-80.03,27.0,83,90,2.6,EC,1600790658
363,Christchurch,-43.53,172.63,17.0,48,88,3.1,NZ,1600790407
364,Corning,42.14,-77.05,18.89,41,1,2.74,US,1600790658
365,Burns Lake,54.23,-125.75,6.51,80,100,1.03,CA,1600790408
366,Havre-St-Pierre,50.23,-63.6,8.0,81,1,2.36,CA,1600790658
367,Sitka,57.05,-135.33,13.0,62,90,7.7,US,1600790659
368,Otacílio Costa,-27.48,-50.12,16.66,53,1,2.71,BR,1600790659
369,Rafai,4.95,23.92,25.22,82,58,0.4,CF,1600790660
370,Barguzin,53.62,109.62,5.0,75,67,1.43,RU,1600790660
371,Belen,36.49,36.22,29.0,66,20,7.2,TR,1600790660
372,Brae,60.4,-1.35,12.0,93,40,9.8,GB,1600790661
373,Ambilobe,-13.2,49.05,24.32,69,90,1.41,MG,1600790661
374,Gimli,50.63,-96.99,19.44,99,28,2.24,CA,1600790661
375,Forsytheganj,52.63,29.73,16.64,62,0,2.81,BY,1600790662
376,Laas,46.62,10.7,16.67,82,75,3.6,IT,1600790662
377,Hohhot,40.81,111.65,12.0,93,40,2.0,CN,1600790452
378,Laguna,38.42,-121.42,20.0,77,1,2.1,US,1600790370
379,Tarakan,3.3,117.63,28.07,78,93,3.44,ID,1600790662
380,Kumul,42.8,93.45,18.83,37,0,1.97,CN,1600790662
381,Diu,20.71,70.98,27.72,86,92,7.37,IN,1600790662
382,Shitanjing,39.23,106.34,11.47,73,3,1.35,CN,1600790663
383,Eureka,40.8,-124.16,16.11,96,95,0.45,US,1600790587
384,Sayyan,15.17,44.32,21.19,25,81,1.99,YE,1600790663
385,Port Lincoln,-34.73,135.87,11.37,77,0,7.6,AU,1600790663
386,Evensk,61.95,159.23,2.34,76,0,2.53,RU,1600790663
387,Cabedelo,-6.98,-34.83,30.0,55,75,6.2,BR,1600790449
388,Kamenka,51.32,42.77,16.67,57,90,3.28,RU,1600790664
389,Vostok,46.49,135.88,5.98,98,68,1.68,RU,1600790664
390,Straumen,63.87,11.3,10.56,93,75,2.6,NO,1600790664
391,Alice Springs,-23.7,133.88,16.0,23,60,2.1,AU,1600790664
392,Noumea,-22.28,166.46,16.0,82,24,3.46,NC,1600790964
393,Upernavik,72.79,-56.15,-2.34,84,2,2.73,GL,1600790665
394,Ixtapa,20.7,-105.2,27.0,83,20,1.5,MX,1600790557
395,Bam,29.11,58.36,25.71,18,0,7.12,IR,1600790665
396,Seydi,39.48,62.91,16.9,28,0,6.15,TM,1600790665
397,Santa Barbara,34.42,-119.7,16.11,100,90,1.56,US,1600790665
398,Ossora,59.24,163.07,2.75,81,0,1.99,RU,1600790665
399,Plácido de Castro,-10.34,-67.19,32.61,32,37,2.35,BR,1600790666
400,Novy Urengoy,66.08,76.63,5.76,80,91,4.78,RU,1600790666
401,Prescott,34.54,-112.47,22.78,48,40,1.5,US,1600790637
402,Samfya,-11.36,29.56,28.69,23,0,5.52,ZM,1600790666
403,Sabang,5.89,95.32,29.14,75,67,2.28,ID,1600790667
404,Rosarito,32.33,-117.03,22.0,88,90,1.5,MX,1600790667
405,Kashgar,39.45,75.98,20.0,34,20,2.0,CN,1600790667
406,Metsavan,41.2,44.23,14.0,67,75,5.1,AM,1600790667
407,Magnolia,33.27,-93.24,19.44,98,100,0.45,US,1600790668
408,Carnarvon,-24.87,113.63,18.0,88,0,5.1,AU,1600790668
409,Azul,-36.78,-59.86,18.33,41,88,2.68,AR,1600790668
410,Palmer,42.16,-72.33,16.67,41,75,4.6,US,1600790669
411,Adrar,20.5,-10.07,39.92,13,0,2.65,MR,1600790596
412,Pitimbu,-7.47,-34.81,30.0,55,75,6.2,BR,1600790495
413,Kiruna,67.86,20.23,5.0,56,41,1.5,SE,1600790669
414,Nara,34.69,135.8,22.22,42,98,4.86,JP,1600790478
415,Novoagansk,61.94,76.66,4.8,88,100,4.12,RU,1600790669
416,Seminole,28.71,-81.21,28.33,57,90,7.7,US,1600790670
417,Wahiawā,21.5,-158.02,25.0,83,40,1.5,US,1600790670
418,Nizhniy Odes,63.64,54.86,5.87,90,98,4.02,RU,1600790670
419,Solnechnyy,50.72,136.63,7.2,80,96,1.02,RU,1600790671
420,Kemijärvi,66.71,27.43,6.16,63,77,4.45,FI,1600790671
421,Matamoros,25.53,-103.25,21.67,43,5,2.1,MX,1600790671
422,Esso,55.93,158.7,1.5,87,87,1.07,RU,1600790671
423,Hatsukaichi,34.35,132.33,23.0,60,40,7.2,JP,1600790650
424,Rock Springs,41.59,-109.2,11.0,43,1,2.1,US,1600790482
425,Anloga,5.79,0.9,28.0,78,40,8.2,GH,1600790672
426,Antalaha,-14.9,50.28,22.52,76,28,5.23,MG,1600790672
427,Pout,14.77,-17.06,31.0,66,75,5.1,SN,1600790672
428,Bayir,37.27,28.22,28.0,61,20,6.2,TR,1600790673
429,Vytegra,61.01,36.45,12.74,77,76,7.34,RU,1600790673
430,Goderich,43.75,-81.72,17.22,81,21,1.34,CA,1600790424
431,Sémbé,1.65,14.58,24.45,92,95,1.03,CG,1600790673
432,Avera,33.19,-82.53,19.0,55,1,2.6,US,1600790673
433,Gouré,13.98,10.27,35.0,39,0,4.83,NE,1600790673
434,Øksfjord,70.24,22.35,8.0,61,75,10.8,NO,1600790674
435,Tromsø,69.65,18.96,6.0,81,90,10.8,NO,1600790674
436,Dharān,26.81,87.28,23.96,91,100,2.34,NP,1600790674
437,Nurota,40.56,65.69,17.0,29,0,3.1,UZ,1600790674
438,Isla Mujeres,21.23,-86.73,30.0,79,75,1.5,MX,1600790675
439,Lavrentiya,65.58,-171.0,2.98,90,93,3.26,RU,1600790675
440,Östersund,63.18,14.64,9.0,81,75,5.1,SE,1600790675
441,Broken Hill,-31.95,141.43,13.0,58,75,3.6,AU,1600790675
442,Bathsheba,13.22,-59.52,32.0,62,40,4.6,BB,1600790675
443,Carauari,-4.88,-66.9,31.23,62,90,2.44,BR,1600790676
444,Barra de Tecoanapa,16.52,-98.75,30.07,67,0,0.96,MX,1600790676
445,Hambantota,6.12,81.12,26.0,94,75,3.6,LK,1600790677
446,Trogir,43.51,16.25,25.0,64,40,5.1,HR,1600790677
447,Cabra,37.47,-4.44,28.33,29,100,1.34,ES,1600790677
448,Rome,43.21,-75.46,15.56,62,1,1.5,US,1600790678
449,Nagorsk,59.32,50.81,10.7,89,100,6.24,RU,1600790678
450,Raudeberg,61.99,5.14,11.67,93,100,12.42,NO,1600790678
451,Teeli,51.03,90.23,9.94,60,12,0.68,RU,1600790679
452,Pochutla,15.74,-96.47,31.67,66,5,1.74,MX,1600790679
453,Korem,12.51,39.52,16.71,50,22,2.58,ET,1600790679
454,Aitape,-3.14,142.35,25.32,83,100,2.1,PG,1600790679
455,Port-Cartier,50.03,-66.87,10.0,71,75,6.7,CA,1600790679
456,Mapimí,25.82,-103.85,21.67,43,5,2.1,MX,1600790680
457,Chadiza,-14.07,32.44,24.12,43,29,4.47,ZM,1600790680
458,Lloydminster,53.28,-110.0,9.0,81,75,3.6,CA,1600790680
459,Borgarnes,64.54,-21.92,5.56,80,40,5.1,IS,1600790680
460,Matara,5.95,80.54,25.94,86,53,4.35,LK,1600790680
461,Darnah,32.77,22.64,24.41,64,0,6.6,LY,1600790680
462,Chifeng,42.27,118.96,12.68,53,98,1.74,CN,1600790681
463,Panama City,8.99,-79.52,28.0,83,40,3.1,PA,1600790640
464,Asha,55.0,57.27,8.61,89,100,4.8,RU,1600790681
465,Severnoye,56.35,78.36,5.02,74,86,2.6,RU,1600790681
466,Okakarara,-20.58,17.43,33.69,11,15,1.81,NA,1600790681
467,Dunedin,-45.87,170.5,15.0,54,84,1.34,NZ,1600790595
468,Husavik,66.04,-17.34,7.0,48,40,3.1,IS,1600790682
469,Oranjemund,-28.55,16.43,21.21,31,0,12.08,NA,1600790682
470,Onega,63.91,38.14,9.04,60,54,9.55,RU,1600790682
471,Fergus Falls,46.28,-96.08,23.89,53,1,2.1,US,1600790683
472,Dryden,49.78,-92.75,16.0,72,1,3.1,CA,1600790683
473,Koumac,-20.57,164.28,19.94,80,0,2.06,NC,1600790683
474,Tsiroanomandidy,-18.77,46.03,24.0,31,1,2.26,MG,1600790683
475,Ternate,0.8,127.4,27.07,77,62,0.92,ID,1600790683
476,Mizdah,31.45,12.98,35.09,16,0,1.2,LY,1600790683
477,Corner Brook,48.97,-57.95,14.0,50,90,1.0,CA,1600790684
478,Orleans,30.03,-89.95,23.33,78,90,9.3,US,1600790684
479,Naze,28.37,129.48,27.0,88,90,8.2,JP,1600790684
480,Talnakh,69.49,88.4,13.0,66,40,11.0,RU,1600790684
481,Shelburne,44.08,-80.2,18.33,59,1,1.0,CA,1600790523
482,Coachella,33.68,-116.17,30.0,26,0,1.34,US,1600790684
483,Port Augusta,-32.5,137.77,11.0,76,1,2.6,AU,1600790685
484,Izberbash,42.57,47.86,20.0,77,89,6.0,RU,1600790685
485,Clarksville,36.53,-87.36,19.0,67,1,3.1,US,1600790657
486,Kapit,2.02,112.93,23.85,94,100,1.11,MY,1600790685
487,Abu Samrah,35.3,37.18,26.37,42,0,5.21,SY,1600790685
488,Lethem,3.38,-59.8,34.22,47,2,3.74,GY,1600790685
489,Giurgeni,44.77,27.88,24.0,38,5,6.2,RO,1600790685
490,Taveta,-3.4,37.67,28.0,45,20,5.1,KE,1600790686
491,Krasnyy Chikoy,50.36,108.75,4.58,86,43,0.58,RU,1600790686
492,Margate,51.38,1.39,23.89,51,43,1.79,GB,1600790686
493,Te Anau,-45.42,167.72,8.54,92,72,0.97,NZ,1600790686
494,Port Macquarie,-31.43,152.92,11.67,90,0,2.85,AU,1600790686
495,Hervey Bay,-25.3,152.85,22.22,87,22,1.79,AU,1600790687
496,Takhli,15.26,100.34,24.44,90,85,1.14,TH,1600790687
497,Vieques,18.43,-65.83,33.0,55,40,4.1,PR,1600790687
498,Kyabé,9.45,18.94,28.2,81,50,2.31,TD,1600790687
499,Kidal,18.44,1.41,39.46,11,13,5.01,ML,1600790687
500,Cabo San Lucas,22.89,-109.91,29.44,83,5,2.1,MX,1600790393
501,Guayaramerín,-10.84,-65.36,28.0,51,57,4.6,BO,1600790688
502,Mitú,1.2,-70.17,35.21,42,10,1.24,CO,1600790688
503,Abalak,58.13,68.59,3.51,87,22,3.07,RU,1600790688
504,Codrington,-38.27,141.97,10.04,89,97,5.84,AU,1600790688
505,General Roca,-39.03,-67.58,22.22,15,47,3.13,AR,1600790689
506,Xiaoweizhai,26.19,107.51,17.39,91,89,2.14,CN,1600790689
507,Booué,-0.09,11.94,26.24,88,75,1.15,GA,1600790689
508,Zadar,44.12,15.24,20.0,88,75,4.6,HR,1600790689
509,Plouzané,48.38,-4.62,20.0,82,12,6.2,FR,1600790430
510,Predivinsk,57.07,93.44,11.31,79,100,2.48,RU,1600790689
511,Khanpur,28.65,70.66,34.36,12,0,2.49,PK,1600790655
512,Pacific Grove,36.62,-121.92,14.44,93,8,1.76,US,1600790690
513,Northam,51.03,-4.22,17.22,89,97,3.13,GB,1600790690
514,Cayenne,4.93,-52.33,33.0,52,75,4.1,GF,1600790676
515,Aripuanã,-9.17,-60.63,40.66,29,50,0.8,BR,1600790690
516,Monchegorsk,67.94,32.87,5.77,81,100,9.89,RU,1600790691
517,Kailua,21.4,-157.74,25.0,78,90,3.1,US,1600790691
518,Belmonte,-15.86,-38.88,27.0,69,75,6.2,BR,1600790691
519,Dawei,14.08,98.2,25.64,89,100,1.6,MM,1600790691
520,Piaçabuçu,-10.41,-36.43,27.57,67,51,6.41,BR,1600790692
521,Bjørnevatn,69.67,29.98,6.0,81,75,10.3,NO,1600790692
522,Srednekolymsk,67.45,153.68,3.14,77,100,3.32,RU,1600790692
523,Moindou,-21.69,165.68,16.0,82,0,0.96,NC,1600790692
524,Ust'-Ordynskiy,52.8,104.75,4.0,80,0,2.0,RU,1600790692
525,Harper,4.38,-7.72,26.16,80,85,5.61,LR,1600790692
526,Kuril'sk,45.23,147.88,10.79,77,26,3.34,RU,1600790693
527,Dunmore,41.42,-75.63,16.11,54,1,2.6,US,1600790693
528,Mayo,38.89,-76.51,19.44,55,1,3.6,US,1600790693
529,Ampanihy,-24.7,44.75,19.01,74,69,6.09,MG,1600790694
530,Bubaque,11.28,-15.83,27.35,76,6,2.69,GW,1600790694
531,Natchitoches,31.77,-93.13,22.0,83,90,4.1,US,1600790543
532,Talcahuano,-36.72,-73.12,14.0,62,61,3.6,CL,1600790694
533,Sola,-13.88,167.55,26.08,82,16,8.39,VU,1600790694
534,Los Llanos de Aridane,28.66,-17.92,26.11,83,75,3.6,ES,1600790694
535,Bichena,10.45,38.2,13.7,79,28,1.58,ET,1600790695
536,Sinnamary,5.38,-52.95,30.8,62,8,6.1,GF,1600790695
537,Batagay,67.63,134.63,3.93,73,68,0.3,RU,1600790695
538,Shimokizukuri,40.81,140.39,16.67,93,81,2.4,JP,1600790695
539,Carutapera,-1.2,-46.02,30.69,57,44,5.55,BR,1600790695
540,Dubbo,-32.25,148.62,9.0,87,0,2.6,AU,1600790696
541,Murray Bridge,-35.12,139.27,10.0,94,0,4.47,AU,1600790696
542,Yugorsk,61.31,63.33,4.65,84,100,5.74,RU,1600790696
543,Viedma,-40.81,-63.0,20.0,28,4,4.02,AR,1600790593
544,Forio,40.73,13.86,23.89,82,2,2.24,IT,1600790696
545,Dudinka,69.41,86.18,13.0,66,40,11.0,RU,1600790696
546,Zhigansk,66.77,123.37,4.35,77,30,1.34,RU,1600790697
547,Deniliquin,-35.53,144.97,9.44,87,0,3.1,AU,1600790697
548,Shellbrook,53.22,-106.4,14.0,71,75,3.6,CA,1600790697
549,Qian’an,44.99,124.06,10.9,91,0,1.36,CN,1600790697
550,Whitehorse,60.72,-135.05,4.0,80,75,5.7,CA,1600790650
551,Yüksekova,37.57,44.29,24.0,32,20,7.7,TR,1600790698
552,Strängnäs,59.38,17.03,18.33,59,95,4.1,SE,1600790698
553,Mago,53.25,140.18,4.71,77,0,0.86,RU,1600790698
554,Upata,8.01,-62.4,31.67,59,28,0.89,VE,1600790698
555,Dwārka,22.24,68.97,29.05,84,38,5.75,IN,1600790699
